Workbook

Sheet README
A1: Item | B1: Definition
A2: Scope | B2: Supplementary full paired rerun; original submitted-paper aggregates remain unchanged.
A3: Population | B3: 1858 failed generation attempts; 566 generation-run/function units.
A4: Model | B4: gemini-2.5-flash-nothinking; provider alias gemini-2.5-flash; same gateway and API account for both methods.
A5: Gateway | B5: https://4sapi.org (OpenAI chat/completions for RuTeR; Anthropic messages for Claude Code).
A6: Claude Code | B6: 2.1.281; max 20 turns; case timeout 900s; Cargo timeout 600s; two isolated workers in the full run.
A7: RuTeR | B7: topk=3; max three LLM rounds per unresolved function; case timeout 900s; LLM timeout 120s.
A8: Tokens | B8: Provider input + output for all requests in the final valid trial, including ordinary failures and valid rule-only zero-token cases.
A9: Cache | B9: Claude primary cost is billing_usage.openai_usage.total_tokens; do not add cache-read counts again.
A10: Strict success | B10: RuTeR: passing patch verification, zero errors/unresolved test functions. Claude: passing final compile, zero errors, scope/integrity guards; not semantic equivalence.
A11: Function grouping | B11: function_id is a pseudonym for (generation run_id, node_id). Different runs remain distinct.
A12: Salvage | B12: A function is salvaged iff at least one of its failed generation attempts has an eligible strict repair.
... A19: Rerunning | B19: Raw failed tests and clean crate snapshots are separate inputs, not reconstructed by this compact workbook. See experiments/CLAUDE_CODE_EXPERIMENT.md.

Sheet Summary
A1: method | B1: budget_multiple | C1: attempts | D1: repaired | E1: repair_rate | F1: function_units | G1: salvaged | H1: salvage_rate | I1: mean_full_run_tokens | J1: full_run_token_ratio | K1: token_cap
A2: RuTeR | C2: 1858 | D2: 872 | E2: 0.46932185 | F2: 566 | G2: 375 | H2: 0.66254417 | I2: 4662.9047 | J2: 1
A3: Claude Code | B3: 5 | C3: 1858 | D3: 251 | E3: 0.1350915 | F3: 566 | G3: 171 | H3: 0.30212014 | I3: 117410.81 | J3: 25.179757 | K3: 23314.524
A4: Claude Code | B4: 10 | C4: 1858 | D4: 600 | E4: 0.32292788 | F4: 566 | G4: 320 | H4: 0.56537102 | I4: 117410.81 | J4: 25.179757 | K4: 46629.047
A5: Claude Code | C5: 1858 | D5: 1297 | E5: 0.69806243 | F5: 566 | G5: 495 | H5: 0.8745583 | I5: 117410.81 | J5: 25.179757

Sheet Calculations
A1: Metric | B1: Value
A2: Attempts | B2: =COUNTA(Cases!A2:A1859) -> 1858
A3: Functions | B3: =COUNTA(Functions!A2:A567) -> 566
A4: RuTeR total tokens | B4: =SUM(Cases!J2:J1859) -> 8663677
A5: Claude total tokens | B5: =SUM(Cases!O2:O1859) -> 218149284
A6: RuTeR mean tokens | B6: =B4/B2 -> 4662.9047
A7: Claude mean tokens | B7: =B5/B2 -> 117410.81
A8: Claude/RuTeR ratio | B8: =B5/B4 -> 25.179757
A10: First budget multiplier | B10: 5
A11: Second budget multiplier | B11: 10
A12: First exact token cap | B12: =B10*B6 -> 23314.524
A13: Second exact token cap | B13: =B11*B6 -> 46629.047
A14: RuTeR repairs | B14: =SUM(Cases!G2:G1859) -> 872
A15: First-budget Claude repairs | B15: =SUM(Cases!Q2:Q1859) -> 251
A16: Second-budget Claude repairs | B16: =SUM(Cases!R2:R1859) -> 600
A17: Unlimited Claude repairs | B17: =SUM(Cases!L2:L1859) -> 1297
A18: RuTeR repair rate | B18: =B14/B2 -> 0.46932185
A19: First-budget Claude repair rate | B19: =B15/B2 -> 0.1350915
A20: Second-budget Claude repair rate | B20: =B16/B2 -> 0.32292788
A21: Unlimited Claude repair rate | B21: =B17/B2 -> 0.69806243
A22: RuTeR salvaged | B22: =SUM(Functions!F2:F567) -> 375
A23: First-budget Claude salvaged | B23: =SUM(Functions!H2:H567) -> 171
A24: Second-budget Claude salvaged | B24: =SUM(Functions!I2:I567) -> 320
A25: Unlimited Claude salvaged | B25: =SUM(Functions!G2:G567) -> 495
A26: RuTeR salvage rate | B26: =B22/B3 -> 0.66254417
A27: First-budget Claude salvage rate | B27: =B23/B3 -> 0.30212014
A28: Second-budget Claude salvage rate | B28: =B24/B3 -> 0.56537102
A29: Unlimited Claude salvage rate | B29: =B25/B3 -> 0.8745583

Sheet Cases
A1: case_id | B1: function_id | C1: run_id | D1: crate | E1: generation_model | F1: error_codes | G1: ruter_success | H1: ruter_input_tokens | I1: ruter_output_tokens | J1: ruter_total_tokens | K1: ruter_requests | L1: claude_success | M1: claude_input_tokens | N1: claude_output_tokens | O1: claude_total_tokens | P1: claude_requests | Q1: claude_success_5x | R1: claude_success_10x
A2: case_0001 | B2: function_0001 | C2: run_001 | D2: humantime | E2: claude-3-5-haiku-20241022 | F2: E0433 | G2: 1 | H2: 0 | I2: 0 | J2: 0 | K2: 0 | L2: 1 | M2: 41707 | N2: 496 | O2: 42203 | P2: 5 | Q2: =IF(AND(L2=1,O2*Calculations!$B$2<=Calculations!$B$10*Calculations!$B$4),1,0) -> 0 | R2: =IF(AND(L2=1,O2*Calculations!$B$2<=Calculations!$B$11*Calculations!$B$4),1,0) -> 1
A3: case_0002 | B3: function_0001 | C3: run_001 | D3: humantime | E3: claude-3-5-haiku-20241022 | F3: E0433 | G3: 1 | H3: 0 | I3: 0 | J3: 0 | K3: 0 | L3: 1 | M3: 21308 | N3: 462 | O3: 21770 | P3: 3 | Q3: =IF(AND(L3=1,O3*Calculations!$B$2<=Calculations!$B$10*Calculations!$B$4),1,0) -> 1 | R3: =IF(AND(L3=1,O3*Calculations!$B$2<=Calculations!$B$11*Calculations!$B$4),1,0) -> 1
A4: case_0003 | B4: function_0001 | C4: run_001 | D4: humantime | E4: claude-3-5-haiku-20241022 | F4: E0433 | G4: 1 | H4: 0 | I4: 0 | J4: 0 | K4: 0 | L4: 1 | M4: 21254 | N4: 457 | O4: 21711 | P4: 3 | Q4: =IF(AND(L4=1,O4*Calculations!$B$2<=Calculations!$B$10*Calculations!$B$4),1,0) -> 1 | R4: =IF(AND(L4=1,O4*Calculations!$B$2<=Calculations!$B$11*Calculations!$B$4),1,0) -> 1
A5: case_0004 | B5: function_0002 | C5: run_001 | D5: humantime | E5: claude-3-5-haiku-20241022 | F5: E0433 | G5: 1 | H5: 0 | I5: 0 | J5: 0 | K5: 0 | L5: 1 | M5: 20144 | N5: 221 | O5: 20365 | P5: 3 | Q5: =IF(AND(L5=1,O5*Calculations!$B$2<=Calculations!$B$10*Calculations!$B$4),1,0) -> 1 | R5: =IF(AND(L5=1,O5*Calculations!$B$2<=Calculations!$B$11*Calculations!$B$4),1,0) -> 1
A6: case_0005 | B6: function_0002 | C6: run_001 | D6: humantime | E6: claude-3-5-haiku-20241022 | F6: E0433 | G6: 1 | H6: 0 | I6: 0 | J6: 0 | K6: 0 | L6: 1 | M6: 31450 | N6: 277 | O6: 31727 | P6: 4 | Q6: =IF(AND(L6=1,O6*Calculations!$B$2<=Calculations!$B$10*Calculations!$B$4),1,0) -> 0 | R6: =IF(AND(L6=1,O6*Calculations!$B$2<=Calculations!$B$11*Calculations!$B$4),1,0) -> 1
A7: case_0006 | B7: function_0002 | C7: run_001 | D7: humantime | E7: claude-3-5-haiku-20241022 | F7: E0433 | G7: 1 | H7: 0 | I7: 0 | J7: 0 | K7: 0 | L7: 1 | M7: 20148 | N7: 288 | O7: 20436 | P7: 3 | Q7: =IF(AND(L7=1,O7*Calculations!$B$2<=Calculations!$B$10*Calculations!$B$4),1,0) -> 1 | R7: =IF(AND(L7=1,O7*Calculations!$B$2<=Calculations!$B$11*Calculations!$B$4),1,0) -> 1
A8: case_0007 | B8: function_0003 | C8: run_001 | D8: humantime | E8: claude-3-5-haiku-20241022 | F8: E0433 | G8: 1 | H8: 0 | I8: 0 | J8: 0 | K8: 0 | L8: 1 | M8: 112586 | N8: 1528 | O8: 114114 | P8: 14 | Q8: =IF(AND(L8=1,O8*Calculations!$B$2<=Calculations!$B$10*Calculations!$B$4),1,0) -> 0 | R8: =IF(AND(L8=1,O8*Calculations!$B$2<=Calculations!$B$11*Calculations!$B$4),1,0) -> 0
A9: case_0008 | B9: function_0003 | C9: run_001 | D9: humantime | E9: claude-3-5-haiku-20241022 | F9: E0433 | G9: 1 | H9: 0 | I9: 0 | J9: 0 | K9: 0 | L9: 1 | M9: 37010 | N9: 581 | O9: 37591 | P9: 5 | Q9: =IF(AND(L9=1,O9*Calculations!$B$2<=Calculations!$B$10*Calculations!$B$4),1,0) -> 0 | R9: =IF(AND(L9=1,O9*Calculations!$B$2<=Calculations!$B$11*Calculations!$B$4),1,0) -> 1
A10: case_0009 | B10: function_0003 | C10: run_001 | D10: humantime | E10: claude-3-5-haiku-20241022 | F10: E0433 | G10: 1 | H10: 0 | I10: 0 | J10: 0 | K10: 0 | L10: 1 | M10: 66469 | N10: 1136 | O10: 67605 | P10: 8 | Q10: =IF(AND(L10=1,O10*Calculations!$B$2<=Calculations!$B$10*Calculations!$B$4),1,0) -> 0 | R10: =IF(AND(L10=1,O10*Calculations!$B$2<=Calculations!$B$11*Calculations!$B$4),1,0) -> 0
A11: case_0010 | B11: function_0003 | C11: run_001 | D11: humantime | E11: claude-3-5-haiku-20241022 | F11: E0433 | G11: 0 | H11: 4621 | I11: 156 | J11: 4777 | K11: 3 | L11: 1 | M11: 116436 | N11: 1121 | O11: 117557 | P11: 15 | Q11: =IF(AND(L11=1,O11*Calculations!$B$2<=Calculations!$B$10*Calculations!$B$4),1,0) -> 0 | R11: =IF(AND(L11=1,O11*Calculations!$B$2<=Calculations!$B$11*Calculations!$B$4),1,0) -> 0
A12: case_0011 | B12: function_0003 | C12: run_001 | D12: humantime | E12: claude-3-5-haiku-20241022 | F12: E0433 | G12: 0 | H12: 5179 | I12: 142 | J12: 5321 | K12: 3 | L12: 1 | M12: 159682 | N12: 1821 | O12: 161503 | P12: 19 | Q12: =IF(AND(L12=1,O12*Calculations!$B$2<=Calculations!$B$10*Calculations!$B$4),1,0) -> 0 | R12: =IF(AND(L12=1,O12*Calculations!$B$2<=Calculations!$B$11*Calculations!$B$4),1,0) -> 0
A13: case_0012 | B13: function_0003 | C13: run_001 | D13: humantime | E13: claude-3-5-haiku-20241022 | F13: E0433 | G13: 0 | H13: 4627 | I13: 165 | J13: 4792 | K13: 3 | L13: 0 | M13: 167865 | N13: 1247 | O13: 169112 | P13: 20 | Q13: =IF(AND(L13=1,O13*Calculations!$B$2<=Calculations!$B$10*Calculations!$B$4),1,0) -> 0 | R13: =IF(AND(L13=1,O13*Calculations!$B$2<=Calculations!$B$11*Calculations!$B$4),1,0) -> 0
... A407: case_0406 | B407: function_0072 | C407: run_005 | D407: humantime | E407: gpt-3.5-turbo | F407: E0432 | G407: 1 | H407: 0 | I407: 0 | J407: 0 | K407: 0 | L407: 1 | M407: 20214 | N407: 120 | O407: 20334 | P407: 3 | Q407: =IF(AND(L407=1,O407*Calculations!$B$2<=Calculations!$B$10*Calculations!$B$4),1,0) -> 1 | R407: =IF(AND(L407=1,O407*Calculations!$B$2<=Calculations!$B$11*Calculations!$B$4),1,0) -> 1
A408: case_0407 | B408: function_0073 | C408: run_005 | D408: humantime | E408: gpt-3.5-turbo | G408: 0 | H408: 0 | I408: 0 | J408: 0 | K408: 0 | L408: 1 | M408: 54422 | N408: 1706 | O408: 56128 | P408: 7 | Q408: =IF(AND(L408=1,O408*Calculations!$B$2<=Calculations!$B$10*Calculations!$B$4),1,0) -> 0 | R408: =IF(AND(L408=1,O408*Calculations!$B$2<=Calculations!$B$11*Calculations!$B$4),1,0) -> 0
A409: case_0408 | B409: function_0073 | C409: run_005 | D409: humantime | E409: gpt-3.5-turbo | F409: E0063,E0308,E0433 | G409: 0 | H409: 5469 | I409: 189 | J409: 5658 | K409: 3 | L409: 1 | M409: 70675 | N409: 1455 | O409: 72130 | P409: 9 | Q409: =IF(AND(L409=1,O409*Calculations!$B$2<=Calculations!$B$10*Calculations!$B$4),1,0) -> 0 | R409: =IF(AND(L409=1,O409*Calculations!$B$2<=Calculations!$B$11*Calculations!$B$4),1,0) -> 0
A410: case_0409 | B410: function_0073 | C410: run_005 | D410: humantime | E410: gpt-3.5-turbo | F410: E0063,E0308 | G410: 0 | H410: 5495 | I410: 222 | J410: 5717 | K410: 3 | L410: 1 | M410: 50749 | N410: 630 | O410: 51379 | P410: 7 | Q410: =IF(AND(L410=1,O410*Calculations!$B$2<=Calculations!$B$10*Calculations!$B$4),1,0) -> 0 | R410: =IF(AND(L410=1,O410*Calculations!$B$2<=Calculations!$B$11*Calculations!$B$4),1,0) -> 0
A411: case_0410 | B411: function_0073 | C411: run_005 | D411: humantime | E411: gpt-3.5-turbo | F411: E0063,E0308,E0433 | G411: 0 | H411: 5822 | I411: 216 | J411: 6038 | K411: 3 | L411: 1 | M411: 73787 | N411: 808 | O411: 74595 | P411: 7 | Q411: =IF(AND(L411=1,O411*Calculations!$B$2<=Calculations!$B$10*Calculations!$B$4),1,0) -> 0 | R411: =IF(AND(L411=1,O411*Calculations!$B$2<=Calculations!$B$11*Calculations!$B$4),1,0) -> 0
A412: case_0411 | B412: function_0073 | C412: run_005 | D412: humantime | E412: gpt-3.5-turbo | F412: E0063,E0308,E0433 | G412: 0 | H412: 5821 | I412: 307 | J412: 6128 | K412: 3 | L412: 1 | M412: 69999 | N412: 1241 | O412: 71240 | P412: 9 | Q412: =IF(AND(L412=1,O412*Calculations!$B$2<=Calculations!$B$10*Calculations!$B$4),1,0) -> 0 | R412: =IF(AND(L412=1,O412*Calculations!$B$2<=Calculations!$B$11*Calculations!$B$4),1,0) -> 0
A413: case_0412 | B413: function_0073 | C413: run_005 | D413: humantime | E413: gpt-3.5-turbo | F413: E0599 | G413: 1 | H413: 1780 | I413: 99 | J413: 1879 | K413: 1 | L413: 0 | M413: 28817 | N413: 834 | O413: 29651 | P413: 4 | Q413: =IF(AND(L413=1,O413*Calculations!$B$2<=Calculations!$B$10*Calculations!$B$4),1,0) -> 0 | R413: =IF(AND(L413=1,O413*Calculations!$B$2<=Calculations!$B$11*Calculations!$B$4),1,0) -> 0
A414: case_0413 | B414: function_0073 | C414: run_005 | D414: humantime | E414: gpt-3.5-turbo | F414: E0063,E0308,E0433 | G414: 0 | H414: 5688 | I414: 268 | J414: 5956 | K414: 3 | L414: 1 | M414: 35859 | N414: 1498 | O414: 37357 | P414: 5 | Q414: =IF(AND(L414=1,O414*Calculations!$B$2<=Calculations!$B$10*Calculations!$B$4),1,0) -> 0 | R414: =IF(AND(L414=1,O414*Calculations!$B$2<=Calculations!$B$11*Calculations!$B$4),1,0) -> 1
A415: case_0414 | B415: function_0073 | C415: run_005 | D415: humantime | E415: gpt-3.5-turbo | F415: E0063,E0308,E0433 | G415: 0 | H415: 5824 | I415: 237 | J415: 6061 | K415: 3 | L415: 1 | M415: 52740 | N415: 767 | O415: 53507 | P415: 6 | Q415: =IF(AND(L415=1,O415*Calculations!$B$2<=Calculations!$B$10*Calculations!$B$4),1,0) -> 0 | R415: =IF(AND(L415=1,O415*Calculations!$B$2<=Calculations!$B$11*Calculations!$B$4),1,0) -> 0
A416: case_0415 | B416: function_0073 | C416: run_005 | D416: humantime | E416: gpt-3.5-turbo | F416: E0063,E0308,E0432 | G416: 0 | H416: 7583 | I416: 234 | J416: 7817 | K416: 3 | L416: 1 | M416: 104372 | N416: 2162 | O416: 106534 | P416: 8 | Q416: =IF(AND(L416=1,O416*Calculations!$B$2<=Calculations!$B$10*Calculations!$B$4),1,0) -> 0 | R416: =IF(AND(L416=1,O416*Calculations!$B$2<=Calculations!$B$11*Calculations!$B$4),1,0) -> 0
A417: case_0416 | B417: function_0073 | C417: run_005 | D417: humantime | E417: gpt-3.5-turbo | F417: E0063,E0433 | G417: 0 | H417: 5423 | I417: 276 | J417: 5699 | K417: 3 | L417: 1 | M417: 113526 | N417: 1017 | O417: 114543 | P417: 12 | Q417: =IF(AND(L417=1,O417*Calculations!$B$2<=Calculations!$B$10*Calculations!$B$4),1,0) -> 0 | R417: =IF(AND(L417=1,O417*Calculations!$B$2<=Calculations!$B$11*Calculations!$B$4),1,0) -> 0
A418: case_0417 | B418: function_0073 | C418: run_005 | D418: humantime | E418: gpt-3.5-turbo | F418: E0063,E0308,E0433 | G418: 0 | H418: 5696 | I418: 268 | J418: 5964 | K418: 3 | L418: 1 | M418: 73480 | N418: 760 | O418: 74240 | P418: 7 | Q418: =IF(AND(L418=1,O418*Calculations!$B$2<=Calculations!$B$10*Calculations!$B$4),1,0) -> 0 | R418: =IF(AND(L418=1,O418*Calculations!$B$2<=Calculations!$B$11*Calculations!$B$4),1,0) -> 0
A419: case_0418 | B419: function_0073 | C419: run_005 | D419: humantime | E419: gpt-3.5-turbo | F419: E0063,E0308,E0433 | G419: 0 | H419: 5562 | I419: 200 | J419: 5762 | K419: 3 | L419: 1 | M419: 71419 | N419: 806 | O419: 72225 | P419: 6 | Q419: =IF(AND(L419=1,O419*Calculations!$B$2<=Calculations!$B$10*Calculations!$B$4),1,0) -> 0 | R419: =IF(AND(L419=1,O419*Calculations!$B$2<=Calculations!$B$11*Calculations!$B$4),1,0) -> 0
A420: case_0419 | B420: function_0074 | C420: run_005 | D420: humantime | E420: gpt-3.5-turbo | F420: E0063,E0425,E0433 | G420: 0 | H420: 5645 | I420: 273 | J420: 5918 | K420: 3 | L420: 1 | M420: 67593 | N420: 965 | O420: 68558 | P420: 5 | Q420: =IF(AND(L420=1,O420*Calculations!$B$2<=Calculations!$B$10*Calculations!$B$4),1,0) -> 0 | R420: =IF(AND(L420=1,O420*Calculations!$B$2<=Calculations!$B$11*Calculations!$B$4),1,0) -> 0
... A431: case_0430 | B431: function_0074 | C431: run_005 | D431: humantime | E431: gpt-3.5-turbo | F431: E0433,E0599 | G431: 0 | H431: 5812 | I431: 143 | J431: 5955 | K431: 3 | L431: 1 | M431: 97198 | N431: 1245 | O431: 98443 | P431: 12 | Q431: =IF(AND(L431=1,O431*Calculations!$B$2<=Calculations!$B$10*Calculations!$B$4),1,0) -> 0 | R431: =IF(AND(L431=1,O431*Calculations!$B$2<=Calculations!$B$11*Calculations!$B$4),1,0) -> 0
A432: case_0431 | B432: function_0075 | C432: run_005 | D432: humantime | E432: gpt-3.5-turbo | G432: 0 | H432: 0 | I432: 0 | J432: 0 | K432: 0 | L432: 1 | M432: 76361 | N432: 1266 | O432: 77627 | P432: 7 | Q432: =IF(AND(L432=1,O432*Calculations!$B$2<=Calculations!$B$10*Calculations!$B$4),1,0) -> 0 | R432: =IF(AND(L432=1,O432*Calculations!$B$2<=Calculations!$B$11*Calculations!$B$4),1,0) -> 0
A433: case_0432 | B433: function_0075 | C433: run_005 | D433: humantime | E433: gpt-3.5-turbo | F433: E0599 | G433: 0 | H433: 5615 | I433: 157 | J433: 5772 | K433: 3 | L433: 1 | M433: 27592 | N433: 477 | O433: 28069 | P433: 4 | Q433: =IF(AND(L433=1,O433*Calculations!$B$2<=Calculations!$B$10*Calculations!$B$4),1,0) -> 0 | R433: =IF(AND(L433=1,O433*Calculations!$B$2<=Calculations!$B$11*Calculations!$B$4),1,0) -> 1
A434: case_0433 | B434: function_0075 | C434: run_005 | D434: humantime | E434: gpt-3.5-turbo | F434: E0599 | G434: 1 | H434: 3705 | I434: 140 | J434: 3845 | K434: 2 | L434: 1 | M434: 45955 | N434: 655 | O434: 46610 | P434: 4 | Q434: =IF(AND(L434=1,O434*Calculations!$B$2<=Calculations!$B$10*Calculations!$B$4),1,0) -> 0 | R434: =IF(AND(L434=1,O434*Calculations!$B$2<=Calculations!$B$11*Calculations!$B$4),1,0) -> 1
A435: case_0434 | B435: function_0075 | C435: run_005 | D435: humantime | E435: gpt-3.5-turbo | F435: E0586 | G435: 0 | H435: 0 | I435: 0 | J435: 0 | K435: 0 | L435: 1 | M435: 52111 | N435: 936 | O435: 53047 | P435: 4 | Q435: =IF(AND(L435=1,O435*Calculations!$B$2<=Calculations!$B$10*Calculations!$B$4),1,0) -> 0 | R435: =IF(AND(L435=1,O435*Calculations!$B$2<=Calculations!$B$11*Calculations!$B$4),1,0) -> 0
A436: case_0435 | B436: function_0075 | C436: run_005 | D436: humantime | E436: gpt-3.5-turbo | F436: E0261,E0308,E0586 | G436: 0 | H436: 0 | I436: 0 | J436: 0 | K436: 0 | L436: 0 | M436: 86262 | N436: 1469 | O436: 87731 | P436: 8 | Q436: =IF(AND(L436=1,O436*Calculations!$B$2<=Calculations!$B$10*Calculations!$B$4),1,0) -> 0 | R436: =IF(AND(L436=1,O436*Calculations!$B$2<=Calculations!$B$11*Calculations!$B$4),1,0) -> 0
A437: case_0436 | B437: function_0075 | C437: run_005 | D437: humantime | E437: gpt-3.5-turbo | F437: E0261,E0433,E0586 | G437: 0 | H437: 0 | I437: 0 | J437: 0 | K437: 0 | L437: 0 | M437: 96384 | N437: 1192 | O437: 97576 | P437: 11 | Q437: =IF(AND(L437=1,O437*Calculations!$B$2<=Calculations!$B$10*Calculations!$B$4),1,0) -> 0 | R437: =IF(AND(L437=1,O437*Calculations!$B$2<=Calculations!$B$11*Calculations!$B$4),1,0) -> 0
A438: case_0437 | B438: function_0075 | C438: run_005 | D438: humantime | E438: gpt-3.5-turbo | F438: E0061,E0261,E0308,E0433 | G438: 0 | H438: 5881 | I438: 141 | J438: 6022 | K438: 3 | L438: 0 | M438: 121747 | N438: 2608 | O438: 124355 | P438: 15 | Q438: =IF(AND(L438=1,O438*Calculations!$B$2<=Calculations!$B$10*Calculations!$B$4),1,0) -> 0 | R438: =IF(AND(L438=1,O438*Calculations!$B$2<=Calculations!$B$11*Calculations!$B$4),1,0) -> 0
A439: case_0438 | B439: function_0075 | C439: run_005 | D439: humantime | E439: gpt-3.5-turbo | F439: E0432 | G439: 0 | H439: 7197 | I439: 267 | J439: 7464 | K439: 3 | L439: 1 | M439: 122304 | N439: 1129 | O439: 123433 | P439: 8 | Q439: =IF(AND(L439=1,O439*Calculations!$B$2<=Calculations!$B$10*Calculations!$B$4),1,0) -> 0 | R439: =IF(AND(L439=1,O439*Calculations!$B$2<=Calculations!$B$11*Calculations!$B$4),1,0) -> 0
A440: case_0439 | B440: function_0075 | C440: run_005 | D440: humantime | E440: gpt-3.5-turbo | G440: 0 | H440: 0 | I440: 0 | J440: 0 | K440: 0 | L440: 1 | M440: 65573 | N440: 1088 | O440: 66661 | P440: 9 | Q440: =IF(AND(L440=1,O440*Calculations!$B$2<=Calculations!$B$10*Calculations!$B$4),1,0) -> 0 | R440: =IF(AND(L440=1,O440*Calculations!$B$2<=Calculations!$B$11*Calculations!$B$4),1,0) -> 0
A441: case_0440 | B441: function_0075 | C441: run_005 | D441: humantime | E441: gpt-3.5-turbo | F441: E0599 | G441: 0 | H441: 5635 | I441: 162 | J441: 5797 | K441: 3 | L441: 1 | M441: 49721 | N441: 435 | O441: 50156 | P441: 4 | Q441: =IF(AND(L441=1,O441*Calculations!$B$2<=Calculations!$B$10*Calculations!$B$4),1,0) -> 0 | R441: =IF(AND(L441=1,O441*Calculations!$B$2<=Calculations!$B$11*Calculations!$B$4),1,0) -> 0
A442: case_0441 | B442: function_0075 | C442: run_005 | D442: humantime | E442: gpt-3.5-turbo | F442: E0433 | G442: 1 | H442: 2384 | I442: 106 | J442: 2490 | K442: 1 | L442: 1 | M442: 68680 | N442: 913 | O442: 69593 | P442: 9 | Q442: =IF(AND(L442=1,O442*Calculations!$B$2<=Calculations!$B$10*Calculations!$B$4),1,0) -> 0 | R442: =IF(AND(L442=1,O442*Calculations!$B$2<=Calculations!$B$11*Calculations!$B$4),1,0) -> 0
A443: case_0442 | B443: function_0075 | C443: run_005 | D443: humantime | E443: gpt-3.5-turbo | F443: E0063,E0433 | G443: 0 | H443: 5327 | I443: 216 | J443: 5543 | K443: 3 | L443: 1 | M443: 64753 | N443: 1117 | O443: 65870 | P443: 6 | Q443: =IF(AND(L443=1,O443*Calculations!$B$2<=Calculations!$B$10*Calculations!$B$4),1,0) -> 0 | R443: =IF(AND(L443=1,O443*Calculations!$B$2<=Calculations!$B$11*Calculations!$B$4),1,0) -> 0
A444: case_0443 | B444: function_0076 | C444: run_005 | D444: humantime | E444: gpt-3.5-turbo | F444: E0061,E0261,E0308,E0433 | G444: 0 | H444: 6281 | I444: 351 | J444: 6632 | K444: 3 | L444: 0 | M444: 128670 | N444: 2732 | O444: 131402 | P444: 15 | Q444: =IF(AND(L444=1,O444*Calculations!$B$2<=Calculations!$B$10*Calculations!$B$4),1,0) -> 0 | R444: =IF(AND(L444=1,O444*Calculations!$B$2<=Calculations!$B$11*Calculations!$B$4),1,0) -> 0
A445: case_0444 | B445: function_0076 | C445: run_005 | D445: humantime | E445: gpt-3.5-turbo | F445: E0061,E0308,E0433 | G445: 0 | H445: 6019 | I445: 354 | J445: 6373 | K445: 3 | L445: 0 | M445: 124964 | N445: 5563 | O445: 130527 | P445: 14 | Q445: =IF(AND(L445=1,O445*Calculations!$B$2<=Calculations!$B$10*Calculations!$B$4),1,0) -> 0 | R445: =IF(AND(L445=1,O445*Calculations!$B$2<=Calculations!$B$11*Calculations!$B$4),1,0) -> 0
A446: case_0445 | B446: function_0076 | C446: run_005 | D446: humantime | E446: gpt-3.5-turbo | F446: E0061,E0261,E0308,E0433 | G446: 0 | H446: 6405 | I446: 285 | J446: 6690 | K446: 3 | L446: 0 | M446: 157136 | N446: 1611 | O446: 158747 | P446: 15 | Q446: =IF(AND(L446=1,O446*Calculations!$B$2<=Calculations!$B$10*Calculations!$B$4),1,0) -> 0 | R446: =IF(AND(L446=1,O446*Calculations!$B$2<=Calculations!$B$11*Calculations!$B$4),1,0) -> 0
A447: case_0446 | B447: function_0076 | C447: run_005 | D447: humantime | E447: gpt-3.5-turbo | F447: E0261,E0433 | G447: 0 | H447: 4678 | I447: 328 | J447: 5006 | K447: 3 | L447: 0 | M447: 92301 | N447: 1411 | O447: 93712 | P447: 9 | Q447: =IF(AND(L447=1,O447*Calculations!$B$2<=Calculations!$B$10*Calculations!$B$4),1,0) -> 0 | R447: =IF(AND(L447=1,O447*Calculations!$B$2<=Calculations!$B$11*Calculations!$B$4),1,0) -> 0
A448: case_0447 | B448: function_0076 | C448: run_005 | D448: humantime | E448: gpt-3.5-turbo | F448: E0061,E0261,E0308,E0433 | G448: 0 | H448: 6389 | I448: 276 | J448: 6665 | K448: 3 | L448: 1 | M448: 111108 | N448: 2992 | O448: 114100 | P448: 12 | Q448: =IF(AND(L448=1,O448*Calculations!$B$2<=Calculations!$B$10*Calculations!$B$4),1,0) -> 0 | R448: =IF(AND(L448=1,O448*Calculations!$B$2<=Calculations!$B$11*Calculations!$B$4),1,0) -> 0
A449: case_0448 | B449: function_0076 | C449: run_005 | D449: humantime | E449: gpt-3.5-turbo | F449: E0261,E0433 | G449: 0 | H449: 7760 | I449: 306 | J449: 8066 | K449: 3 | L449: 0 | M449: 108295 | N449: 901 | O449: 109196 | P449: 11 | Q449: =IF(AND(L449=1,O449*Calculations!$B$2<=Calculations!$B$10*Calculations!$B$4),1,0) -> 0 | R449: =IF(AND(L449=1,O449*Calculations!$B$2<=Calculations!$B$11*Calculations!$B$4),1,0) -> 0
A450: case_0449 | B450: function_0076 | C450: run_005 | D450: humantime | E450: gpt-3.5-turbo | F450: E0061,E0433,E0599 | G450: 0 | H450: 6107 | I450: 285 | J450: 6392 | K450: 3 | L450: 1 | M450: 171361 | N450: 3350 | O450: 174711 | P450: 20 | Q450: =IF(AND(L450=1,O450*Calculations!$B$2<=Calculations!$B$10*Calculations!$B$4),1,0) -> 0 | R450: =IF(AND(L450=1,O450*Calculations!$B$2<=Calculations!$B$11*Calculations!$B$4),1,0) -> 0
A451: case_0450 | B451: function_0076 | C451: run_005 | D451: humantime | E451: gpt-3.5-turbo | F451: E0261,E0432 | G451: 0 | H451: 4224 | I451: 276 | J451: 4500 | K451: 3 | L451: 1 | M451: 72619 | N451: 1060 | O451: 73679 | P451: 6 | Q451: =IF(AND(L451=1,O451*Calculations!$B$2<=Calculations!$B$10*Calculations!$B$4),1,0) -> 0 | R451: =IF(AND(L451=1,O451*Calculations!$B$2<=Calculations!$B$11*Calculations!$B$4),1,0) -> 0
A452: case_0451 | B452: function_0076 | C452: run_005 | D452: humantime | E452: gpt-3.5-turbo | F452: E0261,E0433 | G452: 0 | H452: 4365 | I452: 270 | J452: 4635 | K452: 3 | L452: 1 | M452: 112558 | N452: 1514 | O452: 114072 | P452: 8 | Q452: =IF(AND(L452=1,O452*Calculations!$B$2<=Calculations!$B$10*Calculations!$B$4),1,0) -> 0 | R452: =IF(AND(L452=1,O452*Calculations!$B$2<=Calculations!$B$11*Calculations!$B$4),1,0) -> 0
... A899: case_0898 | B899: function_0154 | C899: run_009 | D899: humantime | E899: gpt-5-nano | F899: E0433 | G899: 1 | H899: 3000 | I899: 70 | J899: 3070 | K899: 1 | L899: 1 | M899: 125364 | N899: 1261 | O899: 126625 | P899: 8 | Q899: =IF(AND(L899=1,O899*Calculations!$B$2<=Calculations!$B$10*Calculations!$B$4),1,0) -> 0 | R899: =IF(AND(L899=1,O899*Calculations!$B$2<=Calculations!$B$11*Calculations!$B$4),1,0) -> 0
A900: case_0899 | B900: function_0154 | C900: run_009 | D900: humantime | E900: gpt-5-nano | G900: 0 | H900: 0 | I900: 0 | J900: 0 | K900: 0 | L900: 1 | M900: 138125 | N900: 1362 | O900: 139487 | P900: 13 | Q900: =IF(AND(L900=1,O900*Calculations!$B$2<=Calculations!$B$10*Calculations!$B$4),1,0) -> 0 | R900: =IF(AND(L900=1,O900*Calculations!$B$2<=Calculations!$B$11*Calculations!$B$4),1,0) -> 0
A901: case_0900 | B901: function_0154 | C901: run_009 | D901: humantime | E901: gpt-5-nano | F901: E0433 | G901: 0 | H901: 4261 | I901: 168 | J901: 4429 | K901: 3 | L901: 1 | M901: 80665 | N901: 1621 | O901: 82286 | P901: 7 | Q901: =IF(AND(L901=1,O901*Calculations!$B$2<=Calculations!$B$10*Calculations!$B$4),1,0) -> 0 | R901: =IF(AND(L901=1,O901*Calculations!$B$2<=Calculations!$B$11*Calculations!$B$4),1,0) -> 0
A902: case_0901 | B902: function_0154 | C902: run_009 | D902: humantime | E902: gpt-5-nano | F902: E0433 | G902: 0 | H902: 3825 | I902: 138 | J902: 3963 | K902: 3 | L902: 0 | M902: 131382 | N902: 4694 | O902: 136076 | P902: 13 | Q902: =IF(AND(L902=1,O902*Calculations!$B$2<=Calculations!$B$10*Calculations!$B$4),1,0) -> 0 | R902: =IF(AND(L902=1,O902*Calculations!$B$2<=Calculations!$B$11*Calculations!$B$4),1,0) -> 0
A903: case_0902 | B903: function_0154 | C903: run_009 | D903: humantime | E903: gpt-5-nano | F903: E0433 | G903: 0 | H903: 3467 | I903: 138 | J903: 3605 | K903: 3 | L903: 1 | M903: 157131 | N903: 1220 | O903: 158351 | P903: 16 | Q903: =IF(AND(L903=1,O903*Calculations!$B$2<=Calculations!$B$10*Calculations!$B$4),1,0) -> 0 | R903: =IF(AND(L903=1,O903*Calculations!$B$2<=Calculations!$B$11*Calculations!$B$4),1,0) -> 0
A904: case_0903 | B904: function_0155 | C904: run_009 | D904: humantime | E904: gpt-5-nano | F904: E0433 | G904: 0 | H904: 4650 | I904: 159 | J904: 4809 | K904: 3 | L904: 1 | M904: 81487 | N904: 749 | O904: 82236 | P904: 6 | Q904: =IF(AND(L904=1,O904*Calculations!$B$2<=Calculations!$B$10*Calculations!$B$4),1,0) -> 0 | R904: =IF(AND(L904=1,O904*Calculations!$B$2<=Calculations!$B$11*Calculations!$B$4),1,0) -> 0
A905: case_0904 | B905: function_0155 | C905: run_009 | D905: humantime | E905: gpt-5-nano | F905: E0433 | G905: 1 | H905: 2251 | I905: 91 | J905: 2342 | K905: 1 | L905: 0 | M905: 117270 | N905: 1257 | O905: 118527 | P905: 14 | Q905: =IF(AND(L905=1,O905*Calculations!$B$2<=Calculations!$B$10*Calculations!$B$4),1,0) -> 0 | R905: =IF(AND(L905=1,O905*Calculations!$B$2<=Calculations!$B$11*Calculations!$B$4),1,0) -> 0
A906: case_0905 | B906: function_0155 | C906: run_009 | D906: humantime | E906: gpt-5-nano | F906: E0433 | G906: 0 | H906: 0 | I906: 0 | J906: 0 | K906: 0 | L906: 1 | M906: 82845 | N906: 1014 | O906: 83859 | P906: 7 | Q906: =IF(AND(L906=1,O906*Calculations!$B$2<=Calculations!$B$10*Calculations!$B$4),1,0) -> 0 | R906: =IF(AND(L906=1,O906*Calculations!$B$2<=Calculations!$B$11*Calculations!$B$4),1,0) -> 0
A907: case_0906 | B907: function_0155 | C907: run_009 | D907: humantime | E907: gpt-5-nano | G907: 0 | H907: 0 | I907: 0 | J907: 0 | K907: 0 | L907: 0 | M907: 169462 | N907: 1331 | O907: 170793 | P907: 20 | Q907: =IF(AND(L907=1,O907*Calculations!$B$2<=Calculations!$B$10*Calculations!$B$4),1,0) -> 0 | R907: =IF(AND(L907=1,O907*Calculations!$B$2<=Calculations!$B$11*Calculations!$B$4),1,0) -> 0
A908: case_0907 | B908: function_0155 | C908: run_009 | D908: humantime | E908: gpt-5-nano | F908: E0599 | G908: 0 | H908: 2500 | I908: 186 | J908: 2686 | K908: 3 | L908: 1 | M908: 64159 | N908: 665 | O908: 64824 | P908: 5 | Q908: =IF(AND(L908=1,O908*Calculations!$B$2<=Calculations!$B$10*Calculations!$B$4),1,0) -> 0 | R908: =IF(AND(L908=1,O908*Calculations!$B$2<=Calculations!$B$11*Calculations!$B$4),1,0) -> 0
A909: case_0908 | B909: function_0155 | C909: run_009 | D909: humantime | E909: gpt-5-nano | F909: E0599 | G909: 0 | H909: 2614 | I909: 279 | J909: 2893 | K909: 3 | L909: 1 | M909: 62959 | N909: 2110 | O909: 65069 | P909: 8 | Q909: =IF(AND(L909=1,O909*Calculations!$B$2<=Calculations!$B$10*Calculations!$B$4),1,0) -> 0 | R909: =IF(AND(L909=1,O909*Calculations!$B$2<=Calculations!$B$11*Calculations!$B$4),1,0) -> 0
A910: case_0909 | B910: function_0155 | C910: run_009 | D910: humantime | E910: gpt-5-nano | F910: E0433 | G910: 0 | H910: 5064 | I910: 294 | J910: 5358 | K910: 3 | L910: 1 | M910: 122886 | N910: 987 | O910: 123873 | P910: 8 | Q910: =IF(AND(L910=1,O910*Calculations!$B$2<=Calculations!$B$10*Calculations!$B$4),1,0) -> 0 | R910: =IF(AND(L910=1,O910*Calculations!$B$2<=Calculations!$B$11*Calculations!$B$4),1,0) -> 0
A911: case_0910 | B911: function_0155 | C911: run_009 | D911: humantime | E911: gpt-5-nano | F911: E0433 | G911: 0 | H911: 4621 | I911: 232 | J911: 4853 | K911: 3 | L911: 0 | M911: 179043 | N911: 2653 | O911: 181696 | P911: 20 | Q911: =IF(AND(L911=1,O911*Calculations!$B$2<=Calculations!$B$10*Calculations!$B$4),1,0) -> 0 | R911: =IF(AND(L911=1,O911*Calculations!$B$2<=Calculations!$B$11*Calculations!$B$4),1,0) -> 0
A912: case_0911 | B912: function_0155 | C912: run_009 | D912: humantime | E912: gpt-5-nano | F912: E0433 | G912: 0 | H912: 4999 | I912: 342 | J912: 5341 | K912: 3 | L912: 1 | M912: 112115 | N912: 1098 | O912: 113213 | P912: 8 | Q912: =IF(AND(L912=1,O912*Calculations!$B$2<=Calculations!$B$10*Calculations!$B$4),1,0) -> 0 | R912: =IF(AND(L912=1,O912*Calculations!$B$2<=Calculations!$B$11*Calculations!$B$4),1,0) -> 0
A913: case_0912 | B913: function_0155 | C913: run_009 | D913: humantime | E913: gpt-5-nano | F913: E0433 | G913: 0 | H913: 3791 | I913: 231 | J913: 4022 | K913: 3 | L913: 1 | M913: 86504 | N913: 678 | O913: 87182 | P913: 6 | Q913: =IF(AND(L913=1,O913*Calculations!$B$2<=Calculations!$B$10*Calculations!$B$4),1,0) -> 0 | R913: =IF(AND(L913=1,O913*Calculations!$B$2<=Calculations!$B$11*Calculations!$B$4),1,0) -> 0
A914: case_0913 | B914: function_0155 | C914: run_009 | D914: humantime | E914: gpt-5-nano | F914: E0107,E0599 | G914: 1 | H914: 3736 | I914: 110 | J914: 3846 | K914: 2 | L914: 0 | M914: 35517 | N914: 1009 | O914: 36526 | P914: 5 | Q914: =IF(AND(L914=1,O914*Calculations!$B$2<=Calculations!$B$10*Calculations!$B$4),1,0) -> 0 | R914: =IF(AND(L914=1,O914*Calculations!$B$2<=Calculations!$B$11*Calculations!$B$4),1,0) -> 0
A915: case_0914 | B915: function_0155 | C915: run_009 | D915: humantime | E915: gpt-5-nano | G915: 0 | H915: 0 | I915: 0 | J915: 0 | K915: 0 | L915: 1 | M915: 101192 | N915: 1445 | O915: 102637 | P915: 12 | Q915: =IF(AND(L915=1,O915*Calculations!$B$2<=Calculations!$B$10*Calculations!$B$4),1,0) -> 0 | R915: =IF(AND(L915=1,O915*Calculations!$B$2<=Calculations!$B$11*Calculations!$B$4),1,0) -> 0
A916: case_0915 | B916: function_0156 | C916: run_009 | D916: humantime | E916: gpt-5-nano | F916: E0433 | G916: 0 | H916: 7353 | I916: 654 | J916: 8007 | K916: 3 | L916: 0 | M916: 157822 | N916: 1187 | O916: 159009 | P916: 16 | Q916: =IF(AND(L916=1,O916*Calculations!$B$2<=Calculations!$B$10*Calculations!$B$4),1,0) -> 0 | R916: =IF(AND(L916=1,O916*Calculations!$B$2<=Calculations!$B$11*Calculations!$B$4),1,0) -> 0
A917: case_0916 | B917: function_0156 | C917: run_009 | D917: humantime | E917: gpt-5-nano | F917: E0433 | G917: 0 | H917: 0 | I917: 0 | J917: 0 | K917: 0 | L917: 1 | M917: 125355 | N917: 881 | O917: 126236 | P917: 12 | Q917: =IF(AND(L917=1,O917*Calculations!$B$2<=Calculations!$B$10*Calculations!$B$4),1,0) -> 0 | R917: =IF(AND(L917=1,O917*Calculations!$B$2<=Calculations!$B$11*Calculations!$B$4),1,0) -> 0
A918: case_0917 | B918: function_0156 | C918: run_009 | D918: humantime | E918: gpt-5-nano | F918: E0433 | G918: 0 | H918: 10079 | I918: 1089 | J918: 11168 | K918: 3 | L918: 0 | M918: 251166 | N918: 3095 | O918: 254261 | P918: 20 | Q918: =IF(AND(L918=1,O918*Calculations!$B$2<=Calculations!$B$10*Calculations!$B$4),1,0) -> 0 | R918: =IF(AND(L918=1,O918*Calculations!$B$2<=Calculations!$B$11*Calculations!$B$4),1,0) -> 0
A919: case_0918 | B919: function_0156 | C919: run_009 | D919: humantime | E919: gpt-5-nano | F919: E0599 | G919: 0 | H919: 4223 | I919: 922 | J919: 5145 | K919: 3 | L919: 1 | M919: 89567 | N919: 810 | O919: 90377 | P919: 6 | Q919: =IF(AND(L919=1,O919*Calculations!$B$2<=Calculations!$B$10*Calculations!$B$4),1,0) -> 0 | R919: =IF(AND(L919=1,O919*Calculations!$B$2<=Calculations!$B$11*Calculations!$B$4),1,0) -> 0
A920: case_0919 | B920: function_0156 | C920: run_009 | D920: humantime | E920: gpt-5-nano | F920: E0433 | G920: 0 | H920: 3913 | I920: 243 | J920: 4156 | K920: 3 | L920: 0 | M920: 180681 | N920: 3882 | O920: 184563 | P920: 20 | Q920: =IF(AND(L920=1,O920*Calculations!$B$2<=Calculations!$B$10*Calculations!$B$4),1,0) -> 0 | R920: =IF(AND(L920=1,O920*Calculations!$B$2<=Calculations!$B$11*Calculations!$B$4),1,0) -> 0
A921: case_0920 | B921: function_0156 | C921: run_009 | D921: humantime | E921: gpt-5-nano | F921: E0599 | G921: 0 | H921: 4318 | I921: 969 | J921: 5287 | K921: 3 | L921: 0 | M921: 109581 | N921: 1124 | O921: 110705 | P921: 12 | Q921: =IF(AND(L921=1,O921*Calculations!$B$2<=Calculations!$B$10*Calculations!$B$4),1,0) -> 0 | R921: =IF(AND(L921=1,O921*Calculations!$B$2<=Calculations!$B$11*Calculations!$B$4),1,0) -> 0
A922: case_0921 | B922: function_0156 | C922: run_009 | D922: humantime | E922: gpt-5-nano | F922: E0433 | G922: 0 | H922: 8130 | I922: 838 | J922: 8968 | K922: 3 | L922: 1 | M922: 192659 | N922: 2363 | O922: 195022 | P922: 13 | Q922: =IF(AND(L922=1,O922*Calculations!$B$2<=Calculations!$B$10*Calculations!$B$4),1,0) -> 0 | R922: =IF(AND(L922=1,O922*Calculations!$B$2<=Calculations!$B$11*Calculations!$B$4),1,0) -> 0
A923: case_0922 | B923: function_0156 | C923: run_009 | D923: humantime | E923: gpt-5-nano | F923: E0433 | G923: 0 | H923: 10356 | I923: 1128 | J923: 11484 | K923: 3 | L923: 0 | M923: 250531 | N923: 1381 | O923: 251912 | P923: 20 | Q923: =IF(AND(L923=1,O923*Calculations!$B$2<=Calculations!$B$10*Calculations!$B$4),1,0) -> 0 | R923: =IF(AND(L923=1,O923*Calculations!$B$2<=Calculations!$B$11*Calculations!$B$4),1,0) -> 0
A924: case_0923 | B924: function_0156 | C924: run_009 | D924: humantime | E924: gpt-5-nano | F924: E0433 | G924: 0 | H924: 7251 | I924: 648 | J924: 7899 | K924: 3 | L924: 0 | M924: 222483 | N924: 1517 | O924: 224000 | P924: 20 | Q924: =IF(AND(L924=1,O924*Calculations!$B$2<=Calculations!$B$10*Calculations!$B$4),1,0) -> 0 | R924: =IF(AND(L924=1,O924*Calculations!$B$2<=Calculations!$B$11*Calculations!$B$4),1,0) -> 0
A925: case_0924 | B925: function_0156 | C925: run_009 | D925: humantime | E925: gpt-5-nano | F925: E0599 | G925: 0 | H925: 3899 | I925: 726 | J925: 4625 | K925: 3 | L925: 0 | M925: 30409 | N925: 383 | O925: 30792 | P925: 4 | Q925: =IF(AND(L925=1,O925*Calculations!$B$2<=Calculations!$B$10*Calculations!$B$4),1,0) -> 0 | R925: =IF(AND(L925=1,O925*Calculations!$B$2<=Calculations!$B$11*Calculations!$B$4),1,0) -> 0
A926: case_0925 | B926: function_0156 | C926: run_009 | D926: humantime | E926: gpt-5-nano | F926: E0433 | G926: 0 | H926: 8323 | I926: 570 | J926: 8893 | K926: 3 | L926: 1 | M926: 80364 | N926: 1279 | O926: 81643 | P926: 8 | Q926: =IF(AND(L926=1,O926*Calculations!$B$2<=Calculations!$B$10*Calculations!$B$4),1,0) -> 0 | R926: =IF(AND(L926=1,O926*Calculations!$B$2<=Calculations!$B$11*Calculations!$B$4),1,0) -> 0
A927: case_0926 | B927: function_0156 | C927: run_009 | D927: humantime | E927: gpt-5-nano | F927: E0433 | G927: 0 | H927: 7433 | I927: 711 | J927: 8144 | K927: 3 | L927: 1 | M927: 121004 | N927: 1332 | O927: 122336 | P927: 10 | Q927: =IF(AND(L927=1,O927*Calculations!$B$2<=Calculations!$B$10*Calculations!$B$4),1,0) -> 0 | R927: =IF(AND(L927=1,O927*Calculations!$B$2<=Calculations!$B$11*Calculations!$B$4),1,0) -> 0
... A940: case_0939 | B940: function_0158 | C940: run_009 | D940: humantime | E940: gpt-5-nano | F940: E0061,E0658 | G940: 0 | H940: 2522 | I940: 457 | J940: 2979 | K940: 3 | L940: 0 | M940: 413916 | N940: 38745 | O940: 452661 | P940: 20 | Q940: =IF(AND(L940=1,O940*Calculations!$B$2<=Calculations!$B$10*Calculations!$B$4),1,0) -> 0 | R940: =IF(AND(L940=1,O940*Calculations!$B$2<=Calculations!$B$11*Calculations!$B$4),1,0) -> 0
A941: case_0940 | B941: function_0158 | C941: run_009 | D941: humantime | E941: gpt-5-nano | G941: 0 | H941: 2199 | I941: 1198 | J941: 3397 | K941: 3 | L941: 1 | M941: 83578 | N941: 5951 | O941: 89529 | P941: 10 | Q941: =IF(AND(L941=1,O941*Calculations!$B$2<=Calculations!$B$10*Calculations!$B$4),1,0) -> 0 | R941: =IF(AND(L941=1,O941*Calculations!$B$2<=Calculations!$B$11*Calculations!$B$4),1,0) -> 0
A942: case_0941 | B942: function_0158 | C942: run_009 | D942: humantime | E942: gpt-5-nano | F942: E0061,E0658 | G942: 0 | H942: 2239 | I942: 267 | J942: 2506 | K942: 3 | L942: 0 | M942: 284928 | N942: 6836 | O942: 291764 | P942: 20 | Q942: =IF(AND(L942=1,O942*Calculations!$B$2<=Calculations!$B$10*Calculations!$B$4),1,0) -> 0 | R942: =IF(AND(L942=1,O942*Calculations!$B$2<=Calculations!$B$11*Calculations!$B$4),1,0) -> 0
A943: case_0942 | B943: function_0158 | C943: run_009 | D943: humantime | E943: gpt-5-nano | F943: E0433 | G943: 1 | H943: 0 | I943: 0 | J943: 0 | K943: 0 | L943: 1 | M943: 23062 | N943: 404 | O943: 23466 | P943: 3 | Q943: =IF(AND(L943=1,O943*Calculations!$B$2<=Calculations!$B$10*Calculations!$B$4),1,0) -> 0 | R943: =IF(AND(L943=1,O943*Calculations!$B$2<=Calculations!$B$11*Calculations!$B$4),1,0) -> 1
A944: case_0943 | B944: function_0158 | C944: run_009 | D944: humantime | E944: gpt-5-nano | F944: E0061,E0433,E0658 | G944: 0 | H944: 2801 | I944: 594 | J944: 3395 | K944: 3 | L944: 1 | M944: 72075 | N944: 11460 | O944: 83535 | P944: 6 | Q944: =IF(AND(L944=1,O944*Calculations!$B$2<=Calculations!$B$10*Calculations!$B$4),1,0) -> 0 | R944: =IF(AND(L944=1,O944*Calculations!$B$2<=Calculations!$B$11*Calculations!$B$4),1,0) -> 0
A945: case_0944 | B945: function_0158 | C945: run_009 | D945: humantime | E945: gpt-5-nano | F945: E0433,E0658 | G945: 0 | H945: 2711 | I945: 474 | J945: 3185 | K945: 3 | L945: 0 | M945: 220727 | N945: 4036 | O945: 224763 | P945: 20 | Q945: =IF(AND(L945=1,O945*Calculations!$B$2<=Calculations!$B$10*Calculations!$B$4),1,0) -> 0 | R945: =IF(AND(L945=1,O945*Calculations!$B$2<=Calculations!$B$11*Calculations!$B$4),1,0) -> 0
A946: case_0945 | B946: function_0159 | C946: run_010 | D946: itoa | E946: gemini-2.5-flash-nothinking | F946: E0308 | G946: 0 | H946: 13318 | I946: 2776 | J946: 16094 | K946: 14 | L946: 1 | M946: 29522 | N946: 357 | O946: 29879 | P946: 3 | Q946: =IF(AND(L946=1,O946*Calculations!$B$2<=Calculations!$B$10*Calculations!$B$4),1,0) -> 0 | R946: =IF(AND(L946=1,O946*Calculations!$B$2<=Calculations!$B$11*Calculations!$B$4),1,0) -> 1
A947: case_0946 | B947: function_0159 | C947: run_010 | D947: itoa | E947: gemini-2.5-flash-nothinking | F947: E0308 | G947: 1 | H947: 5452 | I947: 905 | J947: 6357 | K947: 7 | L947: 1 | M947: 43040 | N947: 550 | O947: 43590 | P947: 4 | Q947: =IF(AND(L947=1,O947*Calculations!$B$2<=Calculations!$B$10*Calculations!$B$4),1,0) -> 0 | R947: =IF(AND(L947=1,O947*Calculations!$B$2<=Calculations!$B$11*Calculations!$B$4),1,0) -> 1
A948: case_0947 | B948: function_0160 | C948: run_010 | D948: itoa | E948: gemini-2.5-flash-nothinking | F948: E0308 | G948: 1 | H948: 1449 | I948: 542 | J948: 1991 | K948: 1 | L948: 1 | M948: 24727 | N948: 687 | O948: 25414 | P948: 3 | Q948: =IF(AND(L948=1,O948*Calculations!$B$2<=Calculations!$B$10*Calculations!$B$4),1,0) -> 0 | R948: =IF(AND(L948=1,O948*Calculations!$B$2<=Calculations!$B$11*Calculations!$B$4),1,0) -> 1
A949: case_0948 | B949: function_0161 | C949: run_010 | D949: itoa | E949: gemini-2.5-flash-nothinking | F949: E0308,E0599 | G949: 0 | H949: 4959 | I949: 2281 | J949: 7240 | K949: 3 | L949: 0 | M949: 93346 | N949: 1209 | O949: 94555 | P949: 10 | Q949: =IF(AND(L949=1,O949*Calculations!$B$2<=Calculations!$B$10*Calculations!$B$4),1,0) -> 0 | R949: =IF(AND(L949=1,O949*Calculations!$B$2<=Calculations!$B$11*Calculations!$B$4),1,0) -> 0
A950: case_0949 | B950: function_0161 | C950: run_010 | D950: itoa | E950: gemini-2.5-flash-nothinking | F950: E0599 | G950: 1 | H950: 2877 | I950: 1252 | J950: 4129 | K950: 2 | L950: 1 | M950: 62687 | N950: 535 | O950: 63222 | P950: 6 | Q950: =IF(AND(L950=1,O950*Calculations!$B$2<=Calculations!$B$10*Calculations!$B$4),1,0) -> 0 | R950: =IF(AND(L950=1,O950*Calculations!$B$2<=Calculations!$B$11*Calculations!$B$4),1,0) -> 0
A951: case_0950 | B951: function_0162 | C951: run_010 | D951: itoa | E951: gemini-2.5-flash-nothinking | F951: E0308 | G951: 1 | H951: 732 | I951: 127 | J951: 859 | K951: 1 | L951: 1 | M951: 20798 | N951: 267 | O951: 21065 | P951: 3 | Q951: =IF(AND(L951=1,O951*Calculations!$B$2<=Calculations!$B$10*Calculations!$B$4),1,0) -> 1 | R951: =IF(AND(L951=1,O951*Calculations!$B$2<=Calculations!$B$11*Calculations!$B$4),1,0) -> 1
A952: case_0951 | B952: function_0163 | C952: run_010 | D952: itoa | E952: gemini-2.5-flash-nothinking | F952: E0308 | G952: 1 | H952: 4385 | I952: 612 | J952: 4997 | K952: 6 | L952: 1 | M952: 43075 | N952: 1196 | O952: 44271 | P952: 4 | Q952: =IF(AND(L952=1,O952*Calculations!$B$2<=Calculations!$B$10*Calculations!$B$4),1,0) -> 0 | R952: =IF(AND(L952=1,O952*Calculations!$B$2<=Calculations!$B$11*Calculations!$B$4),1,0) -> 1
A953: case_0952 | B953: function_0164 | C953: run_010 | D953: itoa | E953: gemini-2.5-flash-nothinking | F953: E0308 | G953: 1 | H953: 689 | I953: 84 | J953: 773 | K953: 1 | L953: 1 | M953: 21842 | N953: 303 | O953: 22145 | P953: 3 | Q953: =IF(AND(L953=1,O953*Calculations!$B$2<=Calculations!$B$10*Calculations!$B$4),1,0) -> 1 | R953: =IF(AND(L953=1,O953*Calculations!$B$2<=Calculations!$B$11*Calculations!$B$4),1,0) -> 1
... A1104: case_1103 | B1104: function_0229 | C1104: run_012 | D1104: mio | E1104: gemini-2.5-flash-nothinking | F1104: E0433 | G1104: 0 | H1104: 7220 | I1104: 153 | J1104: 7373 | K1104: 3 | L1104: 1 | M1104: 36542 | N1104: 591 | O1104: 37133 | P1104: 5 | Q1104: =IF(AND(L1104=1,O1104*Calculations!$B$2<=Calculations!$B$10*Calculations!$B$4),1,0) -> 0 | R1104: =IF(AND(L1104=1,O1104*Calculations!$B$2<=Calculations!$B$11*Calculations!$B$4),1,0) -> 1
A1105: case_1104 | B1105: function_0229 | C1105: run_012 | D1105: mio | E1105: gemini-2.5-flash-nothinking | G1105: 0 | H1105: 8526 | I1105: 165 | J1105: 8691 | K1105: 3 | L1105: 1 | M1105: 27800 | N1105: 376 | O1105: 28176 | P1105: 4 | Q1105: =IF(AND(L1105=1,O1105*Calculations!$B$2<=Calculations!$B$10*Calculations!$B$4),1,0) -> 0 | R1105: =IF(AND(L1105=1,O1105*Calculations!$B$2<=Calculations!$B$11*Calculations!$B$4),1,0) -> 1
A1106: case_1105 | B1106: function_0230 | C1106: run_012 | D1106: mio | E1106: gemini-2.5-flash-nothinking | F1106: E0308,E0425,E0432,E0560 | G1106: 0 | H1106: 32803 | I1106: 3419 | J1106: 36222 | K1106: 9 | L1106: 0 | M1106: 394145 | N1106: 6516 | O1106: 400661 | P1106: 21 | Q1106: =IF(AND(L1106=1,O1106*Calculations!$B$2<=Calculations!$B$10*Calculations!$B$4),1,0) -> 0 | R1106: =IF(AND(L1106=1,O1106*Calculations!$B$2<=Calculations!$B$11*Calculations!$B$4),1,0) -> 0
A1107: case_1106 | B1107: function_0230 | C1107: run_012 | D1107: mio | E1107: gemini-2.5-flash-nothinking | F1107: E0599 | G1107: 0 | H1107: 9281 | I1107: 276 | J1107: 9557 | K1107: 3 | L1107: 1 | M1107: 94430 | N1107: 1693 | O1107: 96123 | P1107: 10 | Q1107: =IF(AND(L1107=1,O1107*Calculations!$B$2<=Calculations!$B$10*Calculations!$B$4),1,0) -> 0 | R1107: =IF(AND(L1107=1,O1107*Calculations!$B$2<=Calculations!$B$11*Calculations!$B$4),1,0) -> 0
A1108: case_1107 | B1108: function_0231 | C1108: run_012 | D1108: mio | E1108: gemini-2.5-flash-nothinking | F1108: E0433,E0599 | G1108: 0 | H1108: 10218 | I1108: 1893 | J1108: 12111 | K1108: 3 | L1108: 0 | M1108: 264649 | N1108: 2470 | O1108: 267119 | P1108: 20 | Q1108: =IF(AND(L1108=1,O1108*Calculations!$B$2<=Calculations!$B$10*Calculations!$B$4),1,0) -> 0 | R1108: =IF(AND(L1108=1,O1108*Calculations!$B$2<=Calculations!$B$11*Calculations!$B$4),1,0) -> 0
A1109: case_1108 | B1109: function_0231 | C1109: run_012 | D1109: mio | E1109: gemini-2.5-flash-nothinking | F1109: E0599 | G1109: 0 | H1109: 23212 | I1109: 1046 | J1109: 24258 | K1109: 7 | L1109: 0 | M1109: 436766 | N1109: 9292 | O1109: 446058 | P1109: 23 | Q1109: =IF(AND(L1109=1,O1109*Calculations!$B$2<=Calculations!$B$10*Calculations!$B$4),1,0) -> 0 | R1109: =IF(AND(L1109=1,O1109*Calculations!$B$2<=Calculations!$B$11*Calculations!$B$4),1,0) -> 0
A1110: case_1109 | B1110: function_0232 | C1110: run_012 | D1110: mio | E1110: gemini-2.5-flash-nothinking | G1110: 0 | H1110: 6677 | I1110: 171 | J1110: 6848 | K1110: 3 | L1110: 1 | M1110: 37513 | N1110: 296 | O1110: 37809 | P1110: 5 | Q1110: =IF(AND(L1110=1,O1110*Calculations!$B$2<=Calculations!$B$10*Calculations!$B$4),1,0) -> 0 | R1110: =IF(AND(L1110=1,O1110*Calculations!$B$2<=Calculations!$B$11*Calculations!$B$4),1,0) -> 1
A1111: case_1110 | B1111: function_0232 | C1111: run_012 | D1111: mio | E1111: gemini-2.5-flash-nothinking | G1111: 0 | H1111: 6792 | I1111: 168 | J1111: 6960 | K1111: 3 | L1111: 1 | M1111: 45428 | N1111: 374 | O1111: 45802 | P1111: 6 | Q1111: =IF(AND(L1111=1,O1111*Calculations!$B$2<=Calculations!$B$10*Calculations!$B$4),1,0) -> 0 | R1111: =IF(AND(L1111=1,O1111*Calculations!$B$2<=Calculations!$B$11*Calculations!$B$4),1,0) -> 1
...

Sheet Functions
A1: function_id | B1: run_id | C1: crate | D1: generation_model | E1: attempts | F1: ruter_salvaged | G1: claude_salvaged | H1: claude_salvaged_5x | I1: claude_salvaged_10x
A2: function_0001 | B2: run_001 | C2: humantime | D2: claude-3-5-haiku-20241022 | E2: =COUNTIF(Cases!$B$2:$B$1859,A2) -> 3 | F2: =IF(COUNTIFS(Cases!$B$2:$B$1859,A2,Cases!$G$2:$G$1859,1)>0,1,0) -> 1 | G2: =IF(COUNTIFS(Cases!$B$2:$B$1859,A2,Cases!$L$2:$L$1859,1)>0,1,0) -> 1 | H2: =IF(COUNTIFS(Cases!$B$2:$B$1859,A2,Cases!$Q$2:$Q$1859,1)>0,1,0) -> 1 | I2: =IF(COUNTIFS(Cases!$B$2:$B$1859,A2,Cases!$R$2:$R$1859,1)>0,1,0) -> 1
A3: function_0002 | B3: run_001 | C3: humantime | D3: claude-3-5-haiku-20241022 | E3: =COUNTIF(Cases!$B$2:$B$1859,A3) -> 3 | F3: =IF(COUNTIFS(Cases!$B$2:$B$1859,A3,Cases!$G$2:$G$1859,1)>0,1,0) -> 1 | G3: =IF(COUNTIFS(Cases!$B$2:$B$1859,A3,Cases!$L$2:$L$1859,1)>0,1,0) -> 1 | H3: =IF(COUNTIFS(Cases!$B$2:$B$1859,A3,Cases!$Q$2:$Q$1859,1)>0,1,0) -> 1 | I3: =IF(COUNTIFS(Cases!$B$2:$B$1859,A3,Cases!$R$2:$R$1859,1)>0,1,0) -> 1
A4: function_0003 | B4: run_001 | C4: humantime | D4: claude-3-5-haiku-20241022 | E4: =COUNTIF(Cases!$B$2:$B$1859,A4) -> 6 | F4: =IF(COUNTIFS(Cases!$B$2:$B$1859,A4,Cases!$G$2:$G$1859,1)>0,1,0) -> 1 | G4: =IF(COUNTIFS(Cases!$B$2:$B$1859,A4,Cases!$L$2:$L$1859,1)>0,1,0) -> 1 | H4: =IF(COUNTIFS(Cases!$B$2:$B$1859,A4,Cases!$Q$2:$Q$1859,1)>0,1,0) -> 0 | I4: =IF(COUNTIFS(Cases!$B$2:$B$1859,A4,Cases!$R$2:$R$1859,1)>0,1,0) -> 1
A5: function_0004 | B5: run_001 | C5: humantime | D5: claude-3-5-haiku-20241022 | E5: =COUNTIF(Cases!$B$2:$B$1859,A5) -> 6 | F5: =IF(COUNTIFS(Cases!$B$2:$B$1859,A5,Cases!$G$2:$G$1859,1)>0,1,0) -> 1 | G5: =IF(COUNTIFS(Cases!$B$2:$B$1859,A5,Cases!$L$2:$L$1859,1)>0,1,0) -> 1 | H5: =IF(COUNTIFS(Cases!$B$2:$B$1859,A5,Cases!$Q$2:$Q$1859,1)>0,1,0) -> 1 | I5: =IF(COUNTIFS(Cases!$B$2:$B$1859,A5,Cases!$R$2:$R$1859,1)>0,1,0) -> 1
A6: function_0005 | B6: run_001 | C6: humantime | D6: claude-3-5-haiku-20241022 | E6: =COUNTIF(Cases!$B$2:$B$1859,A6) -> 3 | F6: =IF(COUNTIFS(Cases!$B$2:$B$1859,A6,Cases!$G$2:$G$1859,1)>0,1,0) -> 1 | G6: =IF(COUNTIFS(Cases!$B$2:$B$1859,A6,Cases!$L$2:$L$1859,1)>0,1,0) -> 1 | H6: =IF(COUNTIFS(Cases!$B$2:$B$1859,A6,Cases!$Q$2:$Q$1859,1)>0,1,0) -> 1 | I6: =IF(COUNTIFS(Cases!$B$2:$B$1859,A6,Cases!$R$2:$R$1859,1)>0,1,0) -> 1
A7: function_0006 | B7: run_001 | C7: humantime | D7: claude-3-5-haiku-20241022 | E7: =COUNTIF(Cases!$B$2:$B$1859,A7) -> 3 | F7: =IF(COUNTIFS(Cases!$B$2:$B$1859,A7,Cases!$G$2:$G$1859,1)>0,1,0) -> 1 | G7: =IF(COUNTIFS(Cases!$B$2:$B$1859,A7,Cases!$L$2:$L$1859,1)>0,1,0) -> 1 | H7: =IF(COUNTIFS(Cases!$B$2:$B$1859,A7,Cases!$Q$2:$Q$1859,1)>0,1,0) -> 1 | I7: =IF(COUNTIFS(Cases!$B$2:$B$1859,A7,Cases!$R$2:$R$1859,1)>0,1,0) -> 1
A8: function_0007 | B8: run_001 | C8: humantime | D8: claude-3-5-haiku-20241022 | E8: =COUNTIF(Cases!$B$2:$B$1859,A8) -> 3 | F8: =IF(COUNTIFS(Cases!$B$2:$B$1859,A8,Cases!$G$2:$G$1859,1)>0,1,0) -> 1 | G8: =IF(COUNTIFS(Cases!$B$2:$B$1859,A8,Cases!$L$2:$L$1859,1)>0,1,0) -> 1 | H8: =IF(COUNTIFS(Cases!$B$2:$B$1859,A8,Cases!$Q$2:$Q$1859,1)>0,1,0) -> 1 | I8: =IF(COUNTIFS(Cases!$B$2:$B$1859,A8,Cases!$R$2:$R$1859,1)>0,1,0) -> 1
A9: function_0008 | B9: run_001 | C9: humantime | D9: claude-3-5-haiku-20241022 | E9: =COUNTIF(Cases!$B$2:$B$1859,A9) -> 6 | F9: =IF(COUNTIFS(Cases!$B$2:$B$1859,A9,Cases!$G$2:$G$1859,1)>0,1,0) -> 1 | G9: =IF(COUNTIFS(Cases!$B$2:$B$1859,A9,Cases!$L$2:$L$1859,1)>0,1,0) -> 1 | H9: =IF(COUNTIFS(Cases!$B$2:$B$1859,A9,Cases!$Q$2:$Q$1859,1)>0,1,0) -> 0 | I9: =IF(COUNTIFS(Cases!$B$2:$B$1859,A9,Cases!$R$2:$R$1859,1)>0,1,0) -> 1
A10: function_0009 | B10: run_001 | C10: humantime | D10: claude-3-5-haiku-20241022 | E10: =COUNTIF(Cases!$B$2:$B$1859,A10) -> 6 | F10: =IF(COUNTIFS(Cases!$B$2:$B$1859,A10,Cases!$G$2:$G$1859,1)>0,1,0) -> 1 | G10: =IF(COUNTIFS(Cases!$B$2:$B$1859,A10,Cases!$L$2:$L$1859,1)>0,1,0) -> 1 | H10: =IF(COUNTIFS(Cases!$B$2:$B$1859,A10,Cases!$Q$2:$Q$1859,1)>0,1,0) -> 1 | I10: =IF(COUNTIFS(Cases!$B$2:$B$1859,A10,Cases!$R$2:$R$1859,1)>0,1,0) -> 1
A11: function_0010 | B11: run_001 | C11: humantime | D11: claude-3-5-haiku-20241022 | E11: =COUNTIF(Cases!$B$2:$B$1859,A11) -> 3 | F11: =IF(COUNTIFS(Cases!$B$2:$B$1859,A11,Cases!$G$2:$G$1859,1)>0,1,0) -> 1 | G11: =IF(COUNTIFS(Cases!$B$2:$B$1859,A11,Cases!$L$2:$L$1859,1)>0,1,0) -> 1 | H11: =IF(COUNTIFS(Cases!$B$2:$B$1859,A11,Cases!$Q$2:$Q$1859,1)>0,1,0) -> 1 | I11: =IF(COUNTIFS(Cases!$B$2:$B$1859,A11,Cases!$R$2:$R$1859,1)>0,1,0) -> 1
A12: function_0011 | B12: run_001 | C12: humantime | D12: claude-3-5-haiku-20241022 | E12: =COUNTIF(Cases!$B$2:$B$1859,A12) -> 12 | F12: =IF(COUNTIFS(Cases!$B$2:$B$1859,A12,Cases!$G$2:$G$1859,1)>0,1,0) -> 1 | G12: =IF(COUNTIFS(Cases!$B$2:$B$1859,A12,Cases!$L$2:$L$1859,1)>0,1,0) -> 1 | H12: =IF(COUNTIFS(Cases!$B$2:$B$1859,A12,Cases!$Q$2:$Q$1859,1)>0,1,0) -> 0 | I12: =IF(COUNTIFS(Cases!$B$2:$B$1859,A12,Cases!$R$2:$R$1859,1)>0,1,0) -> 1
A13: function_0012 | B13: run_001 | C13: humantime | D13: claude-3-5-haiku-20241022 | E13: =COUNTIF(Cases!$B$2:$B$1859,A13) -> 6 | F13: =IF(COUNTIFS(Cases!$B$2:$B$1859,A13,Cases!$G$2:$G$1859,1)>0,1,0) -> 1 | G13: =IF(COUNTIFS(Cases!$B$2:$B$1859,A13,Cases!$L$2:$L$1859,1)>0,1,0) -> 1 | H13: =IF(COUNTIFS(Cases!$B$2:$B$1859,A13,Cases!$Q$2:$Q$1859,1)>0,1,0) -> 0 | I13: =IF(COUNTIFS(Cases!$B$2:$B$1859,A13,Cases!$R$2:$R$1859,1)>0,1,0) -> 0
... A567: function_0566 | B567: run_017 | C567: semver | D567: gemini-2.5-flash-nothinking | E567: =COUNTIF(Cases!$B$2:$B$1859,A567) -> 2 | F567: =IF(COUNTIFS(Cases!$B$2:$B$1859,A567,Cases!$G$2:$G$1859,1)>0,1,0) -> 0 | G567: =IF(COUNTIFS(Cases!$B$2:$B$1859,A567,Cases!$L$2:$L$1859,1)>0,1,0) -> 0 | H567: =IF(COUNTIFS(Cases!$B$2:$B$1859,A567,Cases!$Q$2:$Q$1859,1)>0,1,0) -> 0 | I567: =IF(COUNTIFS(Cases!$B$2:$B$1859,A567,Cases!$R$2:$R$1859,1)>0,1,0) -> 0
